SET SQL_MODE = "NO_AUTO_VALUE_ON_ZERO";
START TRANSACTION;
SET time_zone = "+00:00";

/*!40101 SET @OLD_CHARACTER_SET_CLIENT=@@CHARACTER_SET_CLIENT */;
/*!40101 SET @OLD_CHARACTER_SET_RESULTS=@@CHARACTER_SET_RESULTS */;
/*!40101 SET @OLD_COLLATION_CONNECTION=@@COLLATION_CONNECTION */;
/*!40101 SET NAMES utf8mb4 */;
CREATE TABLE `chitiethoadonnhaphang` (
  `IDHOADONNHAPHANG` int(11) NOT NULL,
  `IDCHITIETSANPHAM` int(11) NOT NULL,
  `GIANHAP` decimal(15,0) NOT NULL,
  `SOLUONG` int(11) NOT NULL
) ENGINE=InnoDB DEFAULT CHARSET=utf8mb4 COLLATE=utf8mb4_unicode_ci;

INSERT INTO `chitiethoadonnhaphang` (`IDHOADONNHAPHANG`, `IDCHITIETSANPHAM`, `GIANHAP`, `SOLUONG`) VALUES
(10006, 10194, 1231333, 11),
(10007, 10203, 200000, 100);

CREATE TABLE `chitiethoadonthanhtoan` (
  `ID` int(11) NOT NULL,
  `IDCHITIETSANPHAM` int(11) DEFAULT NULL,
  `IDHOADONTHANHTOAN` int(11) DEFAULT NULL,
  `SOLUONG` int(11) NOT NULL,
  `GIAMGIATHEM` decimal(15,0) DEFAULT 0,
  `TRAHANG` int(11) DEFAULT 0
) ENGINE=InnoDB DEFAULT CHARSET=utf8mb4 COLLATE=utf8mb4_unicode_ci;

INSERT INTO `chitiethoadonthanhtoan` (`ID`, `IDCHITIETSANPHAM`, `IDHOADONTHANHTOAN`, `SOLUONG`, `GIAMGIATHEM`, `TRAHANG`) VALUES
(10001, 10001, 10003, 0, 0, 1),
(10002, 10002, 10004, 10, 0, 0),
(10003, 10012, 10005, 1, 2220, 0),
(10004, 10194, 10006, 1, 0, 0),
(10005, 10203, 10007, 10, 0, 0),
(10006, 10008, 10008, 2, 1000, 0),
(10007, 10002, 10009, 5, 0, 0);

CREATE TABLE `chitiethoadontrahang` (
  `IDHOADONTRAHANG` int(11) NOT NULL,
  `IDCHITIETHOADONTHANHTOAN` int(11) NOT NULL,
  `SOLUONG` int(11) NOT NULL
) ENGINE=InnoDB DEFAULT CHARSET=utf8mb4 COLLATE=utf8mb4_unicode_ci;

INSERT INTO `chitiethoadontrahang` (`IDHOADONTRAHANG`, `IDCHITIETHOADONTHANHTOAN`, `SOLUONG`) VALUES
(10002, 10001, 1);

CREATE TABLE `hoadonnhaphang` (
  `ID` int(11) NOT NULL,
  `IDNHANVIEN` int(11) DEFAULT NULL,
  `IDNGUONHANG` int(11) DEFAULT NULL,
  `NGAYNHAP` datetime DEFAULT current_timestamp(),
  `GHICHU` text DEFAULT NULL,
  `TREMOVE` tinyint(1) DEFAULT 1
) ENGINE=InnoDB DEFAULT CHARSET=utf8mb4 COLLATE=utf8mb4_unicode_ci;

INSERT INTO `hoadonnhaphang` (`ID`, `IDNHANVIEN`, `IDNGUONHANG`, `NGAYNHAP`, `GHICHU`, `TREMOVE`) VALUES
(10001, 10003, 10001, '2026-01-03 09:54:30', '', 1),
(10002, 10003, 10001, '2026-01-03 09:54:41', '', 1),
(10003, 10003, 10001, '2026-01-03 10:01:58', '', 1),
(10004, 10003, 10001, '2026-01-03 10:32:13', '', 1),
(10005, 10003, 10001, '2026-01-03 10:33:04', '', 0),
(10006, 10003, 10001, '2026-01-03 10:43:17', '', 1),
(10007, 10003, 10001, '2026-01-03 16:44:12', '', 1);

CREATE TABLE `hoadonthanhtoan` (
  `ID` int(11) NOT NULL,
  `IDKHACHHANG` int(11) DEFAULT NULL,
  `IDNHANVIEN` int(11) DEFAULT NULL,
  `DIEMDADOI` int(11) DEFAULT 0,
  `NGAYTHANHTOAN` datetime DEFAULT current_timestamp(),
  `GHICHU` text DEFAULT NULL,
  `TREMOVE` tinyint(1) DEFAULT 1
) ENGINE=InnoDB DEFAULT CHARSET=utf8mb4 COLLATE=utf8mb4_unicode_ci;

INSERT INTO `hoadonthanhtoan` (`ID`, `IDKHACHHANG`, `IDNHANVIEN`, `DIEMDADOI`, `NGAYTHANHTOAN`, `GHICHU`, `TREMOVE`) VALUES
(10001, 10001, 10003, 0, '2026-01-03 09:55:19', '', 1),
(10002, 10002, 10003, 0, '2026-01-03 09:55:31', '', 1),
(10003, 10001, 10003, 0, '2026-01-03 10:43:45', '', 1),
(10004, 10001, 10003, 0, '2026-01-03 16:30:50', '', 1),
(10005, 10001, 10003, 0, '2026-01-03 16:31:07', '', 1),
(10006, 10001, 10003, 0, '2026-01-03 16:33:07', '', 1),
(10007, 10001, 10003, 0, '2026-01-03 16:44:53', '', 1),
(10008, 10001, 10003, 0, '2026-01-03 20:35:53', '', 1),
(10009, 10001, 10003, 0, '2026-01-03 20:37:12', '', 1);

CREATE TABLE `hoadontrahang` (
  `ID` int(11) NOT NULL,
  `IDNHANVIEN` int(11) DEFAULT NULL,
  `NGAYTRAHANG` datetime DEFAULT current_timestamp(),
  `GHICHU` text DEFAULT NULL,
  `TREMOVE` tinyint(1) DEFAULT 1
) ENGINE=InnoDB DEFAULT CHARSET=utf8mb4 COLLATE=utf8mb4_unicode_ci;

INSERT INTO `hoadontrahang` (`ID`, `IDNHANVIEN`, `NGAYTRAHANG`, `GHICHU`, `TREMOVE`) VALUES
(10001, 10001, '2026-01-03 09:47:13', 'REVIEW TRẢ', 1),
(10002, 10003, '2026-01-03 12:27:26', ' - Trừ 2.150 ₫ điểm cộng sau khi thanh toán hóa đơn 10003\n', 1);

ALTER TABLE `chitiethoadonnhaphang`
  ADD PRIMARY KEY (`IDHOADONNHAPHANG`,`IDCHITIETSANPHAM`,`GIANHAP`,`SOLUONG`),
  ADD KEY `FK_CTHDNH_CTSP` (`IDCHITIETSANPHAM`);

ALTER TABLE `chitiethoadonthanhtoan`
  ADD PRIMARY KEY (`ID`),
  ADD KEY `FK_CTHDTT_CTSP` (`IDCHITIETSANPHAM`),
  ADD KEY `FK_CTHDTT_HDTT` (`IDHOADONTHANHTOAN`);

ALTER TABLE `chitiethoadontrahang`
  ADD PRIMARY KEY (`IDHOADONTRAHANG`,`IDCHITIETHOADONTHANHTOAN`),
  ADD KEY `FK_CTHDTH_CTHDTT` (`IDCHITIETHOADONTHANHTOAN`);

ALTER TABLE `hoadonnhaphang`
  ADD PRIMARY KEY (`ID`),
  ADD KEY `FK_HOADONNHAPHANG_NHANVIEN` (`IDNHANVIEN`),
  ADD KEY `FK_HOADONNHAPHANG_NGUONHANG` (`IDNGUONHANG`);

ALTER TABLE `hoadonthanhtoan`
  ADD PRIMARY KEY (`ID`),
  ADD KEY `FK_HDTT_KHACHHANG` (`IDKHACHHANG`),
  ADD KEY `FK_HDTT_NHANVIEN` (`IDNHANVIEN`);

ALTER TABLE `hoadontrahang`
  ADD PRIMARY KEY (`ID`),
  ADD KEY `FK_HOADONTRAHANG_NHANVIEN` (`IDNHANVIEN`);

ALTER TABLE `chitiethoadonthanhtoan`
  MODIFY `ID` int(11) NOT NULL AUTO_INCREMENT, AUTO_INCREMENT=10008;

ALTER TABLE `hoadonnhaphang`
  MODIFY `ID` int(11) NOT NULL AUTO_INCREMENT, AUTO_INCREMENT=10008;

ALTER TABLE `hoadonthanhtoan`
  MODIFY `ID` int(11) NOT NULL AUTO_INCREMENT, AUTO_INCREMENT=10010;

ALTER TABLE `hoadontrahang`
  MODIFY `ID` int(11) NOT NULL AUTO_INCREMENT, AUTO_INCREMENT=10003;
COMMIT;

/*!40101 SET CHARACTER_SET_CLIENT=@OLD_CHARACTER_SET_CLIENT */;
/*!40101 SET CHARACTER_SET_RESULTS=@OLD_CHARACTER_SET_RESULTS */;
/*!40101 SET COLLATION_CONNECTION=@OLD_COLLATION_CONNECTION */;
