SET SQL_MODE = "NO_AUTO_VALUE_ON_ZERO";
START TRANSACTION;
SET time_zone = "+00:00";

/*!40101 SET @OLD_CHARACTER_SET_CLIENT=@@CHARACTER_SET_CLIENT */;
/*!40101 SET @OLD_CHARACTER_SET_RESULTS=@@CHARACTER_SET_RESULTS */;
/*!40101 SET @OLD_COLLATION_CONNECTION=@@COLLATION_CONNECTION */;
/*!40101 SET NAMES utf8mb4 */;
CREATE TABLE `anhsanpham` (
  `IDCHITIETSANPHAM` int(11) NOT NULL,
  `TENANH` varchar(100) NOT NULL
) ENGINE=InnoDB DEFAULT CHARSET=utf8mb4 COLLATE=utf8mb4_unicode_ci;

INSERT INTO `anhsanpham` (`IDCHITIETSANPHAM`, `TENANH`) VALUES
(10001, '2906202130655_IMG_4419.jpg'),
(10002, '2906202130655_IMG_4419.jpg'),
(10003, '2906202130655_IMG_4419.jpg'),
(10004, '2906202130655_IMG_4419.jpg'),
(10005, '2907202130708_IMG_4417.jpg'),
(10006, '2907202130708_IMG_4417.jpg'),
(10007, '2907202130708_IMG_4417.jpg'),
(10008, '2907202130708_IMG_4417.jpg'),
(10009, '2906202130641_IMG_4418.jpg'),
(10010, '2906202130641_IMG_4418.jpg'),
(10011, '2906202130641_IMG_4418.jpg'),
(10012, '2906202130641_IMG_4418.jpg'),
(10013, '2907202130722_IMG_4420.jpg'),
(10014, '2907202130722_IMG_4420.jpg'),
(10015, '2907202130722_IMG_4420.jpg'),
(10016, '2907202130722_IMG_4420.jpg'),
(10017, '2922202132212_IMG_4423.jpg'),
(10018, '2922202132212_IMG_4423.jpg'),
(10019, '2922202132212_IMG_4423.jpg'),
(10020, '2922202132212_IMG_4423.jpg'),
(10021, '2922202132242_IMG_4421.jpg'),
(10022, '2922202132242_IMG_4421.jpg'),
(10023, '2922202132242_IMG_4421.jpg'),
(10024, '2922202132242_IMG_4421.jpg'),
(10025, '2922202132227_IMG_4422.jpg'),
(10026, '2922202132227_IMG_4422.jpg'),
(10027, '2922202132227_IMG_4422.jpg'),
(10028, '2922202132227_IMG_4422.jpg'),
(10029, '2922202132200_IMG_4424.jpg'),
(10030, '2922202132200_IMG_4424.jpg'),
(10031, '2922202132200_IMG_4424.jpg'),
(10032, '2922202132200_IMG_4424.jpg'),
(10033, '2922202132257_IMG_4425.jpg'),
(10034, '2922202132257_IMG_4425.jpg'),
(10035, '2922202132257_IMG_4425.jpg'),
(10036, '2922202132257_IMG_4425.jpg'),
(10037, '2909202130914_IMG_4408.jpg'),
(10038, '2909202130914_IMG_4408.jpg'),
(10039, '2909202130914_IMG_4408.jpg'),
(10040, '2909202130914_IMG_4408.jpg'),
(10041, '2909202130941_IMG_4407.jpg'),
(10042, '2909202130941_IMG_4407.jpg'),
(10043, '2909202130941_IMG_4407.jpg'),
(10044, '2909202130941_IMG_4407.jpg'),
(10045, '2909202130903_IMG_4409.jpg'),
(10046, '2909202130903_IMG_4409.jpg'),
(10047, '2909202130903_IMG_4409.jpg'),
(10048, '2909202130903_IMG_4409.jpg'),
(10049, '2909202130929_IMG_4410.jpg'),
(10050, '2909202130929_IMG_4410.jpg'),
(10051, '2909202130929_IMG_4410.jpg'),
(10052, '2909202130929_IMG_4410.jpg'),
(10053, '153202145310_IMG_3801.jpg'),
(10054, '153202145310_IMG_3801.jpg'),
(10055, '153202145310_IMG_3801.jpg'),
(10056, '153202145310_IMG_3801.jpg'),
(10057, '153202145322_IMG_3800.jpg'),
(10058, '153202145322_IMG_3800.jpg'),
(10059, '153202145322_IMG_3800.jpg'),
(10060, '153202145322_IMG_3800.jpg'),
(10061, '9152021111520_IMG_2790.jpg'),
(10062, '9152021111520_IMG_2790.jpg'),
(10063, '9152021111520_IMG_2790.jpg'),
(10064, '9152021111520_IMG_2790.jpg'),
(10065, '9152021111505_IMG_2791.jpg'),
(10066, '9152021111505_IMG_2791.jpg'),
(10067, '9152021111505_IMG_2791.jpg'),
(10068, '9152021111505_IMG_2791.jpg'),
(10069, '9152021111513_IMG_2788.jpg'),
(10070, '9152021111513_IMG_2788.jpg'),
(10071, '9152021111513_IMG_2788.jpg'),
(10072, '9152021111513_IMG_2788.jpg'),
(10073, '9142021111452_IMG_2792.jpg'),
(10074, '9142021111452_IMG_2792.jpg'),
(10075, '9142021111452_IMG_2792.jpg'),
(10076, '9142021111452_IMG_2792.jpg'),
(10077, '9152021111534_IMG_2789.jpg'),
(10078, '9152021111534_IMG_2789.jpg'),
(10079, '9152021111534_IMG_2789.jpg'),
(10080, '9152021111534_IMG_2789.jpg'),
(10081, '9152021111526_IMG_2793.jpg'),
(10082, '9152021111526_IMG_2793.jpg'),
(10083, '9152021111526_IMG_2793.jpg'),
(10084, '9152021111526_IMG_2793.jpg'),
(10085, 'IMG_8862.jpg'),
(10086, 'IMG_8862.jpg'),
(10087, 'IMG_8862.jpg'),
(10088, 'IMG_8862.jpg'),
(10089, 'IMG_8864.jpg'),
(10090, 'IMG_8864.jpg'),
(10091, 'IMG_8864.jpg'),
(10092, 'IMG_8864.jpg'),
(10093, 'IMG_8863.jpg'),
(10094, 'IMG_8863.jpg'),
(10095, 'IMG_8863.jpg'),
(10096, 'IMG_8863.jpg'),
(10097, 'IMG_8865.jpg'),
(10098, 'IMG_8865.jpg'),
(10099, 'IMG_8865.jpg'),
(10100, 'IMG_8865.jpg'),
(10101, 'IMG_8834.jpg'),
(10102, 'IMG_8834.jpg'),
(10103, 'IMG_8834.jpg'),
(10104, 'IMG_8834.jpg'),
(10105, 'IMG_8830.jpg'),
(10106, 'IMG_8830.jpg'),
(10107, 'IMG_8830.jpg'),
(10108, 'IMG_8830.jpg'),
(10109, 'IMG_8832.jpg'),
(10110, 'IMG_8832.jpg'),
(10111, 'IMG_8832.jpg'),
(10112, 'IMG_8832.jpg'),
(10113, 'IMG_8831.jpg'),
(10114, 'IMG_8831.jpg'),
(10115, 'IMG_8831.jpg'),
(10116, 'IMG_8831.jpg'),
(10117, 'IMG_8835.jpg'),
(10118, 'IMG_8835.jpg'),
(10119, 'IMG_8835.jpg'),
(10120, 'IMG_8835.jpg'),
(10121, 'somi-nu-cham-bi-totoshop (2).jpg'),
(10122, 'somi-nu-cham-bi-totoshop (2).jpg'),
(10123, 'somi-nu-cham-bi-totoshop (2).jpg'),
(10124, 'somi-nu-cham-bi-totoshop (2).jpg'),
(10125, '159202115929_IMG_2455.jpg'),
(10126, '159202115929_IMG_2455.jpg'),
(10127, '158202115836_IMG_2450.jpg'),
(10128, '158202115836_IMG_2450.jpg'),
(10129, '158202115853_IMG_2449.jpg'),
(10130, '158202115853_IMG_2449.jpg'),
(10131, '157202115704_IMG_2453.jpg'),
(10132, '157202115704_IMG_2453.jpg'),
(10133, '159202115913_IMG_2452.jpg'),
(10134, '159202115913_IMG_2452.jpg'),
(10135, 'IMG (23).jpg'),
(10136, 'IMG (23).jpg'),
(10137, 'IMG (23).jpg'),
(10138, 'IMG (23).jpg'),
(10139, 'AO_SOMI_W2SMD090003_(5_Do_nhap).jpg'),
(10140, 'AO_SOMI_W2SMD090003_(5_Do_nhap).jpg'),
(10141, '146202124618_IMG_3761.jpg'),
(10142, '146202124618_IMG_3761.jpg'),
(10143, '146202124618_IMG_3761.jpg'),
(10144, '146202124640_IMG_3762.jpg'),
(10145, '146202124640_IMG_3762.jpg'),
(10146, '146202124640_IMG_3762.jpg'),
(10147, '146202124658_IMG_3760.jpg'),
(10148, '146202124658_IMG_3760.jpg'),
(10149, '146202124658_IMG_3760.jpg'),
(10150, '4412021114148_IMG_1931.jfif'),
(10151, '4412021114148_IMG_1931.jfif'),
(10152, '4412021114148_IMG_1931.jfif'),
(10153, '4412021114153_IMG_1927.jfif'),
(10154, '4412021114153_IMG_1927.jfif'),
(10155, '4412021114153_IMG_1927.jfif'),
(10156, '4412021114143_IMG_1930.jfif'),
(10157, '4412021114143_IMG_1930.jfif'),
(10158, '4412021114143_IMG_1930.jfif'),
(10159, '9422021114247_IMG_1916.jfif'),
(10160, '9422021114247_IMG_1916.jfif'),
(10161, '9422021114247_IMG_1916.jfif'),
(10162, '9422021114256_IMG_1915.jfif'),
(10163, '9422021114256_IMG_1915.jfif'),
(10164, '9422021114256_IMG_1915.jfif'),
(10165, '9432021114309_IMG_1917.jfif'),
(10166, '9432021114309_IMG_1917.jfif'),
(10167, '9432021114309_IMG_1917.jfif'),
(10168, '153202125312_IMG_3767.jpg'),
(10169, '153202125312_IMG_3767.jpg'),
(10170, '153202125312_IMG_3767.jpg'),
(10171, '23202021112030_IMG_2425.jpg'),
(10172, '23202021112030_IMG_2425.jpg'),
(10173, '23202021112030_IMG_2425.jpg'),
(10174, '23202021112030_IMG_2425.jpg'),
(10175, '23112021111139_IMG_2417.jpg'),
(10176, '23112021111139_IMG_2417.jpg'),
(10177, '23112021111139_IMG_2417.jpg'),
(10178, '23112021111139_IMG_2417.jpg'),
(10179, '23272021112722_IMG_2383.jpg'),
(10180, '23272021112722_IMG_2383.jpg'),
(10181, '23272021112722_IMG_2383.jpg'),
(10182, 'IMG_2607.jpg'),
(10183, 'IMG_2607.jpg'),
(10185, 'IMG_2610.jpg'),
(10186, 'IMG_2610.jpg'),
(10187, 'IMG_2610.jpg'),
(10188, 'IMG_2612.jpg'),
(10189, 'IMG_2612.jpg'),
(10190, 'IMG_2612.jpg'),
(10191, '143202124326_IMG_3757.jpg'),
(10192, '143202124326_IMG_3757.jpg'),
(10193, '143202124326_IMG_3757.jpg'),
(10194, '143202124312_IMG_3758.jpg'),
(10195, '143202124312_IMG_3758.jpg'),
(10196, '143202124312_IMG_3758.jpg'),
(10197, '9402021114033_IMG_1924.jfif'),
(10198, '9402021114033_IMG_1924.jfif'),
(10199, '9402021114033_IMG_1924.jfif'),
(10200, '9402021114027_IMG_1923.jfif'),
(10201, '9402021114027_IMG_1923.jfif'),
(10202, '9402021114027_IMG_1923.jfif');

CREATE TABLE `chitietsanpham` (
  `ID` int(11) NOT NULL,
  `IDSANPHAM` int(11) DEFAULT NULL,
  `MAUSAC` varchar(20) NOT NULL,
  `SIZE` varchar(10) NOT NULL,
  `SOLUONG` int(11) DEFAULT 0 CHECK (`SOLUONG` > -1),
  `GIABAN` decimal(15,0) DEFAULT 0,
  `GIAVON` decimal(15,0) DEFAULT 0,
  `GIAGIAM` decimal(15,0) DEFAULT 0,
  `NGAYCAPNHAT` datetime DEFAULT current_timestamp(),
  `TRANGTHAI` tinyint(1) DEFAULT 1
) ENGINE=InnoDB DEFAULT CHARSET=utf8mb4 COLLATE=utf8mb4_unicode_ci;

INSERT INTO `chitietsanpham` (`ID`, `IDSANPHAM`, `MAUSAC`, `SIZE`, `SOLUONG`, `GIABAN`, `GIAVON`, `GIAGIAM`, `NGAYCAPNHAT`, `TRANGTHAI`) VALUES
(10001, 10001, 'Đen', 'XL', 10, 215000, 0, 0, '2026-01-03 09:47:13', 1),
(10002, 10001, 'Đen', 'L', 75, 215000, 0, 0, '2026-01-03 09:47:13', 1),
(10003, 10001, 'Đen', 'M', 20, 215000, 0, 0, '2026-01-03 09:47:13', 1),
(10004, 10001, 'Đen', 'S', 0, 215000, 0, 0, '2026-01-03 09:47:13', 1),
(10005, 10001, 'Xám', 'XL', 50, 215000, 0, 0, '2026-01-03 09:47:13', 1),
(10006, 10001, 'Xám', 'L', 0, 215000, 0, 0, '2026-01-03 09:47:13', 1),
(10007, 10001, 'Xám', 'M', 0, 215000, 0, 0, '2026-01-03 09:47:13', 1),
(10008, 10001, 'Xám', 'S', 43, 215000, 0, 0, '2026-01-03 09:47:13', 1),
(10009, 10001, 'Vàng', 'XL', 0, 215000, 0, 0, '2026-01-03 09:47:13', 1),
(10010, 10001, 'Vàng', 'L', 2, 215000, 0, 0, '2026-01-03 09:47:13', 1),
(10011, 10001, 'Vàng', 'M', 0, 215000, 0, 0, '2026-01-03 09:47:13', 1),
(10012, 10001, 'Vàng', 'S', 8, 215000, 0, 0, '2026-01-03 09:47:13', 1),
(10013, 10001, 'Trắng', 'XL', 0, 215000, 0, 0, '2026-01-03 09:47:13', 1),
(10014, 10001, 'Trắng', 'L', 11, 215000, 0, 0, '2026-01-03 09:47:13', 1),
(10015, 10001, 'Trắng', 'M', 0, 215000, 0, 0, '2026-01-03 09:47:13', 1),
(10016, 10001, 'Trắng', 'S', 0, 215000, 0, 0, '2026-01-03 09:47:13', 1),
(10017, 10002, 'Đen', 'XL', 0, 215000, 0, 0, '2026-01-03 09:47:13', 1),
(10018, 10002, 'Đen', 'L', 0, 215000, 0, 0, '2026-01-03 09:47:13', 1),
(10019, 10002, 'Đen', 'M', 0, 215000, 0, 0, '2026-01-03 09:47:13', 1),
(10020, 10002, 'Đen', 'S', 0, 215000, 0, 0, '2026-01-03 09:47:13', 1),
(10021, 10002, 'Xám', 'XL', 0, 215000, 0, 0, '2026-01-03 09:47:13', 1),
(10022, 10002, 'Xám', 'L', 0, 215000, 0, 0, '2026-01-03 09:47:13', 1),
(10023, 10002, 'Xám', 'M', 0, 215000, 0, 0, '2026-01-03 09:47:13', 1),
(10024, 10002, 'Xám', 'S', 0, 215000, 0, 0, '2026-01-03 09:47:13', 1),
(10025, 10002, 'Vàng', 'XL', 15, 215000, 0, 0, '2026-01-03 09:47:13', 1),
(10026, 10002, 'Vàng', 'L', 0, 215000, 0, 0, '2026-01-03 09:47:13', 1),
(10027, 10002, 'Vàng', 'M', 0, 215000, 0, 0, '2026-01-03 09:47:13', 1),
(10028, 10002, 'Vàng', 'S', 0, 215000, 0, 0, '2026-01-03 09:47:13', 1),
(10029, 10002, 'Đỏ', 'XL', 0, 215000, 0, 0, '2026-01-03 09:47:13', 1),
(10030, 10002, 'Đỏ', 'L', 0, 215000, 0, 0, '2026-01-03 09:47:13', 1),
(10031, 10002, 'Đỏ', 'M', 0, 215000, 0, 0, '2026-01-03 09:47:13', 1),
(10032, 10002, 'Đỏ', 'S', 0, 215000, 0, 0, '2026-01-03 09:47:13', 1),
(10033, 10002, 'Trắng', 'XL', 0, 215000, 0, 0, '2026-01-03 09:47:13', 1),
(10034, 10002, 'Trắng', 'L', 0, 215000, 0, 0, '2026-01-03 09:47:13', 1),
(10035, 10002, 'Trắng', 'M', 0, 215000, 0, 0, '2026-01-03 09:47:13', 1),
(10036, 10002, 'Trắng', 'S', 0, 215000, 0, 0, '2026-01-03 09:47:13', 1),
(10037, 10003, 'Đen', 'XL', 0, 185000, 0, 0, '2026-01-03 09:47:13', 1),
(10038, 10003, 'Đen', 'L', 0, 185000, 0, 0, '2026-01-03 09:47:13', 1),
(10039, 10003, 'Đen', 'M', 0, 185000, 0, 0, '2026-01-03 09:47:13', 1),
(10040, 10003, 'Đen', 'S', 0, 185000, 0, 0, '2026-01-03 09:47:13', 1),
(10041, 10003, 'Hồng', 'XL', 0, 185000, 0, 0, '2026-01-03 09:47:13', 1),
(10042, 10003, 'Hồng', 'L', 0, 185000, 0, 0, '2026-01-03 09:47:13', 1),
(10043, 10003, 'Hồng', 'M', 0, 185000, 0, 0, '2026-01-03 09:47:13', 1),
(10044, 10003, 'Hồng', 'S', 0, 185000, 0, 0, '2026-01-03 09:47:13', 1),
(10045, 10003, 'Kem', 'XL', 0, 185000, 0, 0, '2026-01-03 09:47:13', 1),
(10046, 10003, 'Kem', 'L', 0, 185000, 0, 0, '2026-01-03 09:47:13', 1),
(10047, 10003, 'Kem', 'M', 0, 185000, 0, 0, '2026-01-03 09:47:13', 1),
(10048, 10003, 'Kem', 'S', 0, 185000, 0, 0, '2026-01-03 09:47:13', 1),
(10049, 10003, 'Trắng', 'XL', 0, 185000, 0, 0, '2026-01-03 09:47:13', 1),
(10050, 10003, 'Trắng', 'L', 0, 185000, 0, 0, '2026-01-03 09:47:13', 1),
(10051, 10003, 'Trắng', 'M', 0, 185000, 0, 0, '2026-01-03 09:47:13', 1),
(10052, 10003, 'Trắng', 'S', 0, 185000, 0, 0, '2026-01-03 09:47:13', 1),
(10053, 10004, 'Đen', 'XL', 0, 245000, 0, 0, '2026-01-03 09:47:13', 1),
(10054, 10004, 'Đen', 'L', 0, 245000, 0, 0, '2026-01-03 09:47:13', 1),
(10055, 10004, 'Đen', 'M', 0, 245000, 0, 0, '2026-01-03 09:47:13', 1),
(10056, 10004, 'Đen', 'S', 0, 245000, 0, 0, '2026-01-03 09:47:13', 1),
(10057, 10004, 'Trắng', 'XL', 0, 245000, 0, 0, '2026-01-03 09:47:13', 1),
(10058, 10004, 'Trắng', 'L', 0, 245000, 0, 0, '2026-01-03 09:47:13', 1),
(10059, 10004, 'Trắng', 'M', 0, 245000, 0, 0, '2026-01-03 09:47:13', 1),
(10060, 10004, 'Trắng', 'S', 0, 245000, 0, 0, '2026-01-03 09:47:13', 1),
(10061, 10005, 'Đen', 'XL', 0, 245000, 0, 0, '2026-01-03 09:47:13', 1),
(10062, 10005, 'Đen', 'L', 0, 245000, 0, 0, '2026-01-03 09:47:13', 1),
(10063, 10005, 'Đen', 'M', 0, 245000, 0, 0, '2026-01-03 09:47:13', 1),
(10064, 10005, 'Đen', 'S', 0, 245000, 0, 0, '2026-01-03 09:47:13', 1),
(10065, 10005, 'Xanh dương', 'XL', 0, 245000, 0, 0, '2026-01-03 09:47:13', 1),
(10066, 10005, 'Xanh dương', 'L', 0, 245000, 0, 0, '2026-01-03 09:47:13', 1),
(10067, 10005, 'Xanh dương', 'M', 0, 245000, 0, 0, '2026-01-03 09:47:13', 1),
(10068, 10005, 'Xanh dương', 'S', 0, 245000, 0, 0, '2026-01-03 09:47:13', 1),
(10069, 10005, 'Kem', 'XL', 0, 245000, 0, 0, '2026-01-03 09:47:13', 1),
(10070, 10005, 'Kem', 'L', 0, 245000, 0, 0, '2026-01-03 09:47:13', 1),
(10071, 10005, 'Kem', 'M', 0, 245000, 0, 0, '2026-01-03 09:47:13', 1),
(10072, 10005, 'Kem', 'S', 0, 245000, 0, 0, '2026-01-03 09:47:13', 1),
(10073, 10005, 'Vàng', 'XL', 0, 245000, 0, 0, '2026-01-03 09:47:13', 1),
(10074, 10005, 'Vàng', 'L', 0, 245000, 0, 0, '2026-01-03 09:47:13', 1),
(10075, 10005, 'Vàng', 'M', 0, 245000, 0, 0, '2026-01-03 09:47:13', 1),
(10076, 10005, 'Vàng', 'S', 0, 245000, 0, 0, '2026-01-03 09:47:13', 1),
(10077, 10005, 'Đỏ', 'XL', 0, 245000, 0, 0, '2026-01-03 09:47:13', 1),
(10078, 10005, 'Đỏ', 'L', 0, 245000, 0, 0, '2026-01-03 09:47:13', 1),
(10079, 10005, 'Đỏ', 'M', 0, 245000, 0, 0, '2026-01-03 09:47:13', 1),
(10080, 10005, 'Đỏ', 'S', 0, 245000, 0, 0, '2026-01-03 09:47:13', 1),
(10081, 10005, 'Trắng', 'XL', 0, 245000, 0, 0, '2026-01-03 09:47:13', 1),
(10082, 10005, 'Trắng', 'L', 0, 245000, 0, 0, '2026-01-03 09:47:13', 1),
(10083, 10005, 'Trắng', 'M', 0, 245000, 0, 0, '2026-01-03 09:47:13', 1),
(10084, 10005, 'Trắng', 'S', 0, 245000, 0, 0, '2026-01-03 09:47:13', 1),
(10085, 10006, 'Đen', 'XL', 0, 215000, 0, 0, '2026-01-03 09:47:13', 1),
(10086, 10006, 'Đen', 'L', 0, 215000, 0, 0, '2026-01-03 09:47:13', 1),
(10087, 10006, 'Đen', 'M', 0, 215000, 0, 0, '2026-01-03 09:47:13', 1),
(10088, 10006, 'Đen', 'S', 0, 215000, 0, 0, '2026-01-03 09:47:13', 1),
(10089, 10006, 'Kem', 'XL', 0, 215000, 0, 0, '2026-01-03 09:47:13', 1),
(10090, 10006, 'Kem', 'L', 0, 215000, 0, 0, '2026-01-03 09:47:13', 1),
(10091, 10006, 'Kem', 'M', 0, 215000, 0, 0, '2026-01-03 09:47:13', 1),
(10092, 10006, 'Kem', 'S', 0, 215000, 0, 0, '2026-01-03 09:47:13', 1),
(10093, 10006, 'Đỏ', 'XL', 0, 215000, 0, 0, '2026-01-03 09:47:13', 1),
(10094, 10006, 'Đỏ', 'L', 0, 215000, 0, 0, '2026-01-03 09:47:13', 1),
(10095, 10006, 'Đỏ', 'N', 0, 215000, 0, 0, '2026-01-03 09:47:13', 1),
(10096, 10006, 'Đỏ', 'S', 0, 215000, 0, 0, '2026-01-03 09:47:13', 1),
(10097, 10006, 'Trắng', 'XL', 0, 215000, 0, 0, '2026-01-03 09:47:13', 1),
(10098, 10006, 'Trắng', 'L', 0, 215000, 0, 0, '2026-01-03 09:47:13', 1),
(10099, 10006, 'Trắng', 'M', 0, 215000, 0, 0, '2026-01-03 09:47:13', 1),
(10100, 10006, 'Trắng', 'S', 0, 215000, 0, 0, '2026-01-03 09:47:13', 1),
(10101, 10007, 'Đen', 'XL', 0, 195000, 0, 0, '2026-01-03 09:47:13', 1),
(10102, 10007, 'Đen', 'L', 0, 195000, 0, 0, '2026-01-03 09:47:13', 1),
(10103, 10007, 'Đen', 'M', 0, 195000, 0, 0, '2026-01-03 09:47:13', 1),
(10104, 10007, 'Đen', 'S', 0, 195000, 0, 0, '2026-01-03 09:47:13', 1),
(10105, 10007, 'Xanh dương', 'XL', 0, 195000, 0, 0, '2026-01-03 09:47:13', 1),
(10106, 10007, 'Xanh dương', 'L', 0, 195000, 0, 0, '2026-01-03 09:47:13', 1),
(10107, 10007, 'Xanh dương', 'M', 0, 195000, 0, 0, '2026-01-03 09:47:13', 1),
(10108, 10007, 'Xanh dương', 'S', 0, 195000, 0, 0, '2026-01-03 09:47:13', 1),
(10109, 10007, 'Hồng', 'XL', 0, 195000, 0, 0, '2026-01-03 09:47:13', 1),
(10110, 10007, 'Hồng', 'L', 0, 195000, 0, 0, '2026-01-03 09:47:13', 1),
(10111, 10007, 'Hồng', 'M', 0, 195000, 0, 0, '2026-01-03 09:47:13', 1),
(10112, 10007, 'Hồng', 'S', 0, 195000, 0, 0, '2026-01-03 09:47:13', 1),
(10113, 10007, 'Đỏ', 'XL', 0, 195000, 0, 0, '2026-01-03 09:47:13', 1),
(10114, 10007, 'Đỏ', 'L', 0, 195000, 0, 0, '2026-01-03 09:47:13', 1),
(10115, 10007, 'Đỏ', 'M', 0, 195000, 0, 0, '2026-01-03 09:47:13', 1),
(10116, 10007, 'Đỏ', 'S', 0, 195000, 0, 0, '2026-01-03 09:47:13', 1),
(10117, 10007, 'Trắng', 'XL', 0, 195000, 0, 0, '2026-01-03 09:47:13', 1),
(10118, 10007, 'Trắng', 'L', 0, 195000, 0, 0, '2026-01-03 09:47:13', 1),
(10119, 10007, 'Trắng', 'M', 0, 195000, 0, 0, '2026-01-03 09:47:13', 1),
(10120, 10007, 'Trắng', 'S', 0, 195000, 0, 0, '2026-01-03 09:47:13', 1),
(10121, 10008, 'Xanh dương', 'XL', 0, 215000, 0, 0, '2026-01-03 09:47:13', 1),
(10122, 10008, 'Xanh dương', 'L', 0, 215000, 0, 0, '2026-01-03 09:47:13', 1),
(10123, 10008, 'Xanh dương', 'M', 0, 215000, 0, 0, '2026-01-03 09:47:13', 1),
(10124, 10008, 'Xanh dương', 'S', 0, 215000, 0, 0, '2026-01-03 09:47:13', 1),
(10125, 10009, 'Kem', 'L', 0, 245000, 0, 0, '2026-01-03 09:47:13', 1),
(10126, 10009, 'Kem', 'M', 0, 245000, 0, 0, '2026-01-03 09:47:13', 1),
(10127, 10009, 'Xanh lá', 'L', 0, 245000, 0, 0, '2026-01-03 09:47:13', 1),
(10128, 10009, 'Xanh lá', 'M', 0, 245000, 0, 0, '2026-01-03 09:47:13', 1),
(10129, 10009, 'Tím', 'L', 0, 245000, 0, 0, '2026-01-03 09:47:13', 1),
(10130, 10009, 'Tím', 'M', 0, 245000, 0, 0, '2026-01-03 09:47:13', 1),
(10131, 10009, 'Hồng', 'L', 0, 245000, 0, 0, '2026-01-03 09:47:13', 1),
(10132, 10009, 'Hồng', 'M', 0, 245000, 0, 0, '2026-01-03 09:47:13', 1),
(10133, 10009, 'Vàng', 'L', 0, 245000, 0, 0, '2026-01-03 09:47:13', 1),
(10134, 10009, 'Vàng', 'M', 0, 245000, 0, 0, '2026-01-03 09:47:13', 1),
(10135, 10010, 'Trắng', 'XL', 0, 225000, 0, 0, '2026-01-03 09:47:13', 1),
(10136, 10010, 'Trắng', 'L', 0, 225000, 0, 0, '2026-01-03 09:47:13', 1),
(10137, 10010, 'Trắng', 'M', 0, 225000, 0, 0, '2026-01-03 09:47:13', 1),
(10138, 10010, 'Trắng', 'S', 0, 225000, 0, 0, '2026-01-03 09:47:13', 1),
(10139, 10011, 'Hồng', 'L', 0, 235000, 0, 0, '2026-01-03 09:47:13', 1),
(10140, 10011, 'Hồng', 'M', 0, 235000, 0, 0, '2026-01-03 09:47:13', 1),
(10141, 10012, 'Kem', 'S', 0, 215000, 0, 0, '2026-01-03 09:47:13', 1),
(10142, 10012, 'Kem', 'M', 0, 215000, 0, 0, '2026-01-03 09:47:13', 1),
(10143, 10012, 'Kem', 'L', 0, 215000, 0, 0, '2026-01-03 09:47:13', 1),
(10144, 10012, 'Đen', 'S', 0, 215000, 0, 0, '2026-01-03 09:47:13', 1),
(10145, 10012, 'Đen', 'M', 0, 215000, 0, 0, '2026-01-03 09:47:13', 1),
(10146, 10012, 'Đen', 'L', 0, 215000, 0, 0, '2026-01-03 09:47:13', 1),
(10147, 10012, 'Da bò', 'S', 0, 215000, 0, 0, '2026-01-03 09:47:13', 1),
(10148, 10012, 'Da bò', 'M', 0, 215000, 0, 0, '2026-01-03 09:47:13', 1),
(10149, 10012, 'Da bò', 'L', 0, 215000, 0, 0, '2026-01-03 09:47:13', 1),
(10150, 10013, 'Đen', 'S', 0, 285000, 0, 0, '2026-01-03 09:47:13', 1),
(10151, 10013, 'Đen', 'M', 0, 285000, 0, 0, '2026-01-03 09:47:13', 1),
(10152, 10013, 'Đen', 'L', 0, 285000, 0, 0, '2026-01-03 09:47:13', 1),
(10153, 10013, 'Xanh', 'S', 0, 285000, 0, 0, '2026-01-03 09:47:13', 1),
(10154, 10013, 'Xanh', 'M', 0, 285000, 0, 0, '2026-01-03 09:47:13', 1),
(10155, 10013, 'Xanh', 'L', 0, 285000, 0, 0, '2026-01-03 09:47:13', 1),
(10156, 10013, 'Trắng', 'S', 0, 285000, 0, 0, '2026-01-03 09:47:13', 1),
(10157, 10013, 'Trắng', 'M', 0, 285000, 0, 0, '2026-01-03 09:47:13', 1),
(10158, 10013, 'Trắng', 'L', 0, 285000, 0, 0, '2026-01-03 09:47:13', 1),
(10159, 10014, 'Trắng', 'S', 0, 315000, 0, 0, '2026-01-03 09:47:13', 1),
(10160, 10014, 'Trắng', 'M', 0, 315000, 0, 0, '2026-01-03 09:47:13', 1),
(10161, 10014, 'Trắng', 'L', 0, 315000, 0, 0, '2026-01-03 09:47:13', 1),
(10162, 10014, 'Đen', 'S', 0, 315000, 0, 0, '2026-01-03 09:47:13', 1),
(10163, 10014, 'Đen', 'M', 0, 315000, 0, 0, '2026-01-03 09:47:13', 1),
(10164, 10014, 'Đen', 'L', 0, 315000, 0, 0, '2026-01-03 09:47:13', 1),
(10165, 10014, 'Xanh', 'S', 0, 315000, 0, 0, '2026-01-03 09:47:13', 1),
(10166, 10014, 'Xanh', 'M', 0, 315000, 0, 0, '2026-01-03 09:47:13', 1),
(10167, 10014, 'Xanh', 'L', 0, 315000, 0, 0, '2026-01-03 09:47:13', 1),
(10168, 10015, 'Xanh', 'S', 0, 395000, 0, 0, '2026-01-03 09:47:13', 1),
(10169, 10015, 'Xanh', 'M', 0, 395000, 0, 0, '2026-01-03 09:47:13', 1),
(10170, 10015, 'Xanh', 'L', 0, 395000, 0, 0, '2026-01-03 09:47:13', 1),
(10171, 10016, 'Đen', '26', 0, 440000, 0, 0, '2026-01-03 09:47:13', 1),
(10172, 10016, 'Đen', '27', 0, 440000, 0, 0, '2026-01-03 09:47:13', 1),
(10173, 10016, 'Đen', '28', 0, 440000, 0, 0, '2026-01-03 09:47:13', 1),
(10174, 10016, 'Đen', '29', 0, 440000, 0, 0, '2026-01-03 09:47:13', 1),
(10175, 10017, 'Xanh', '26', 0, 340000, 0, 0, '2026-01-03 09:47:13', 1),
(10176, 10017, 'Xanh', '27', 0, 340000, 0, 0, '2026-01-03 09:47:13', 1),
(10177, 10017, 'Xanh', '28', 0, 340000, 0, 0, '2026-01-03 09:47:13', 1),
(10178, 10017, 'Xanh', '29', 0, 340000, 0, 0, '2026-01-03 09:47:13', 1),
(10179, 10018, 'Đen', 'S', 0, 395000, 0, 0, '2026-01-03 09:47:13', 1),
(10180, 10018, 'Đen', 'M', 0, 395000, 0, 0, '2026-01-03 09:47:13', 1),
(10181, 10018, 'Đen', 'L', 0, 395000, 0, 0, '2026-01-03 09:47:13', 1),
(10182, 10019, 'Kem', 'S', 0, 385000, 0, 0, '2026-01-03 09:47:13', 1),
(10183, 10019, 'Kem', 'M', 0, 385000, 0, 0, '2026-01-03 09:47:13', 1),
(10184, 10019, 'Kem', 'L', 0, 385000, 0, 0, '2026-01-03 09:47:13', 1),
(10185, 10019, 'Đen', 'S', 0, 385000, 0, 0, '2026-01-03 09:47:13', 1),
(10186, 10019, 'Đen', 'M', 0, 385000, 0, 0, '2026-01-03 09:47:13', 1),
(10187, 10019, 'Đen', 'L', 0, 385000, 0, 0, '2026-01-03 09:47:13', 1),
(10188, 10019, 'Xanh', 'S', 0, 385000, 0, 0, '2026-01-03 09:47:13', 1),
(10189, 10019, 'Xanh', 'M', 0, 385000, 0, 0, '2026-01-03 09:47:13', 1),
(10190, 10019, 'Xanh', 'L', 0, 385000, 0, 0, '2026-01-03 09:47:13', 1),
(10191, 10020, 'Da bò', 'S', 0, 225000, 0, 0, '2026-01-03 09:47:13', 1),
(10192, 10020, 'Da bò', 'M', 0, 225000, 0, 0, '2026-01-03 09:47:13', 1),
(10193, 10020, 'Da bò', 'L', 0, 225000, 0, 0, '2026-01-03 09:47:13', 1),
(10194, 10020, 'Hồng', 'S', 10, 225000, 1231333, 0, '2026-01-03 09:47:13', 1),
(10195, 10020, 'Hồng', 'M', 0, 225000, 0, 0, '2026-01-03 09:47:13', 1),
(10196, 10020, 'Hồng', 'L', 0, 225000, 0, 0, '2026-01-03 09:47:13', 1),
(10197, 10021, 'Trắng', 'S', 0, 315000, 0, 0, '2026-01-03 09:47:13', 1),
(10198, 10021, 'Trắng', 'M', 0, 315000, 0, 0, '2026-01-03 09:47:13', 1),
(10199, 10021, 'Trắng', 'L', 0, 315000, 0, 0, '2026-01-03 09:47:13', 1),
(10200, 10021, 'Xanh', 'S', 0, 315000, 0, 0, '2026-01-03 09:47:13', 1),
(10201, 10021, 'Xanh', 'M', 0, 315000, 0, 0, '2026-01-03 09:47:13', 1),
(10202, 10021, 'Xanh', 'L', 0, 315000, 0, 0, '2026-01-03 09:47:13', 1),
(10203, 10001, 'Đỏ', 'L', 90, 220000, 200000, 0, '2026-01-03 16:42:46', 1);

-- Ensure demo inventory remains available across all products after initialization.
UPDATE `chitietsanpham`
SET `SOLUONG` = 12
WHERE `SOLUONG` = 0;

CREATE TABLE `loaisanpham` (
  `ID` int(11) NOT NULL,
  `TEN` varchar(100) NOT NULL
) ENGINE=InnoDB DEFAULT CHARSET=utf8mb4 COLLATE=utf8mb4_unicode_ci;

INSERT INTO `loaisanpham` (`ID`, `TEN`) VALUES
(10001, 'ÁO THUN TAY NGẮN'),
(10002, 'ÁO THUN TAY DÀI'),
(10003, 'ÁO SƠ MI TAY NGẮN'),
(10004, 'ÁO SƠ MI TAY DÀI'),
(10005, 'QUẦN SHORT'),
(10006, 'QUẦN JEAN'),
(10007, 'QUẦN JOGGER'),
(10008, 'CHÂN VÁY');

CREATE TABLE `nguonhang` (
  `ID` int(11) NOT NULL,
  `TEN` varchar(100) NOT NULL,
  `SODIENTHOAI` varchar(20) NOT NULL,
  `DIACHI` varchar(200) NOT NULL
) ENGINE=InnoDB DEFAULT CHARSET=utf8mb4 COLLATE=utf8mb4_unicode_ci;

INSERT INTO `nguonhang` (`ID`, `TEN`, `SODIENTHOAI`, `DIACHI`) VALUES
(10001, 'Nhà may kinh đô', '18008198', 'Nam Từ Liêm'),
(10002, 'Nhà may amy', '18008199', 'Hai Bà Trưng'),
(10003, 'Nhà May Anh Long', '0862559041', '123');

CREATE TABLE `sanpham` (
  `ID` int(11) NOT NULL,
  `IDLOAISANPHAM` int(11) DEFAULT NULL,
  `TEN` varchar(100) NOT NULL,
  `MOTA` text DEFAULT NULL,
  `TRANGTHAIKINHDOANH` tinyint(1) DEFAULT 1
) ENGINE=InnoDB DEFAULT CHARSET=utf8mb4 COLLATE=utf8mb4_unicode_ci;

INSERT INTO `sanpham` (`ID`, `IDLOAISANPHAM`, `TEN`, `MOTA`, `TRANGTHAIKINHDOANH`) VALUES
(10001, 10001, 'ÁO THUN W2ATN2021034', NULL, 1),
(10002, 10001, 'ÁO THUN W2ATN2021033', NULL, 1),
(10003, 10001, 'ÁO THUN W2ATN2021030', NULL, 1),
(10004, 10001, 'ÁO THUN W2ATN2021024', NULL, 1),
(10005, 10002, 'ÁO THUN W2ATD120005', NULL, 1),
(10006, 10002, 'ÁO THUN W2ATD110019', NULL, 1),
(10007, 10002, 'ÁO THUN W2ATD110010', NULL, 1),
(10008, 10002, 'ÁO THUN W2ATD110010', NULL, 1),
(10009, 10003, 'SƠ MI NỮ SMG079005BU', NULL, 1),
(10010, 10004, 'ÁO SOMI W1SMD2011001', 'null', 0),
(10011, 10004, 'ÁO SOMI W2SMD090007', 'null', 0),
(10012, 10005, 'QUẦN SHORT W2SJN1011003', NULL, 1),
(10013, 10005, 'QUẦN SHORT W2SJN120003', NULL, 1),
(10014, 10005, 'QUẦN SHORT W2SJN120001', NULL, 1),
(10015, 10006, 'QUẦN JEAN W2QJN4011021', NULL, 1),
(10016, 10006, 'QUẦN JEAN W2QJN1011017', NULL, 1),
(10017, 10006, 'QUẦN JEAN W2QJN3011012', NULL, 1),
(10018, 10007, 'QUẦN JOGGER W2QJJ1011001', NULL, 1),
(10019, 10007, 'QUẦN JOGGER W2QJG100002', NULL, 1),
(10020, 10008, 'CHÂN VÁY W2CHV2011004', NULL, 1),
(10021, 10008, 'CHÂN VÁY W2CHV120002', NULL, 1);

ALTER TABLE `anhsanpham`
  ADD PRIMARY KEY (`IDCHITIETSANPHAM`,`TENANH`);

ALTER TABLE `chitietsanpham`
  ADD PRIMARY KEY (`ID`),
  ADD KEY `FK_CHITIETSANPHAM` (`IDSANPHAM`);

ALTER TABLE `loaisanpham`
  ADD PRIMARY KEY (`ID`);

ALTER TABLE `nguonhang`
  ADD PRIMARY KEY (`ID`);

ALTER TABLE `sanpham`
  ADD PRIMARY KEY (`ID`),
  ADD KEY `FK_SANPHAM_LOAISANPHAM` (`IDLOAISANPHAM`);

ALTER TABLE `chitietsanpham`
  MODIFY `ID` int(11) NOT NULL AUTO_INCREMENT, AUTO_INCREMENT=10204;

ALTER TABLE `loaisanpham`
  MODIFY `ID` int(11) NOT NULL AUTO_INCREMENT, AUTO_INCREMENT=10009;

ALTER TABLE `nguonhang`
  MODIFY `ID` int(11) NOT NULL AUTO_INCREMENT, AUTO_INCREMENT=10004;

ALTER TABLE `sanpham`
  MODIFY `ID` int(11) NOT NULL AUTO_INCREMENT, AUTO_INCREMENT=10022;
COMMIT;

/*!40101 SET CHARACTER_SET_CLIENT=@OLD_CHARACTER_SET_CLIENT */;
/*!40101 SET CHARACTER_SET_RESULTS=@OLD_CHARACTER_SET_RESULTS */;
/*!40101 SET COLLATION_CONNECTION=@OLD_COLLATION_CONNECTION */;
